{"_id":{"$oid":"5fcf1098d6a0532958c22705"},"fk_o_id":10.712215752434574,"fk_p_id":1,"fk_p_name":"Birthday Card - 1","fk_p_qty":1,"fk_p_price":80,"c_price":80,"__v":0}
{"_id":{"$oid":"5fcf1098d6a0532958c22706"},"fk_o_id":10.712215752434574,"fk_p_id":2,"fk_p_name":"Birthday card - 2","fk_p_qty":1,"fk_p_price":90,"c_price":90,"__v":0}
{"_id":{"$oid":"5fcf1120d6a0532958c2270d"},"fk_o_id":32.66607650294235,"fk_p_id":5,"fk_p_name":"Gift basket 2","fk_p_qty":1,"fk_p_price":290,"c_price":290,"__v":0}
{"_id":{"$oid":"5fcf1120d6a0532958c2270e"},"fk_o_id":32.66607650294235,"fk_p_id":6,"fk_p_name":"Gift basket 3","fk_p_qty":1,"fk_p_price":299,"c_price":299,"__v":0}
{"_id":{"$oid":"5fcf11e4d6a0532958c22711"},"fk_o_id":96.92173395521829,"fk_p_id":13,"fk_p_name":"Smoking Fountain - 1","fk_p_qty":1,"fk_p_price":1029,"c_price":1029,"__v":0}
{"_id":{"$oid":"5fcf2231d6a0532958c22718"},"fk_o_id":55.11146692873567,"fk_p_id":2,"fk_p_name":"Birthday card - 2","fk_p_qty":1,"fk_p_price":90,"c_price":90,"__v":0}
{"_id":{"$oid":"5fcf2231d6a0532958c22719"},"fk_o_id":55.11146692873567,"fk_p_id":3,"fk_p_name":"Birthday card - 3","fk_p_qty":1,"fk_p_price":100,"c_price":100,"__v":0}
{"_id":{"$oid":"5fcf2231d6a0532958c2271a"},"fk_o_id":55.11146692873567,"fk_p_id":5,"fk_p_name":"Gift basket 2","fk_p_qty":1,"fk_p_price":290,"c_price":290,"__v":0}
